{
 "rabbit_version": "3.9",
 "users": [
  {
   "name": "dev",
   "password_hash": "z5fACpWwTv4AZgWHfXLjXs5+chqnmXt9Fll8qEKyMtbeCLXE",
   "hashing_algorithm": "rabbit_password_hashing_sha256",
   "tags": "administrator"
  }
 ],
 "vhosts": [
  {
   "name": "\/"
  }
 ],
 "permissions": [
  {
   "user": "dev",
   "vhost": "\/",
   "configure": ".*",
   "write": ".*",
   "read": ".*"
  }
 ],
 "exchanges": [
    {
      "name": "default",
      "vhost": "/",
      "type": "fanout",
      "durable": true,
      "auto_delete": false,
      "internal": false,
      "arguments": {}
    }
  ],
 "queues": [
    {
      "name": "default",
      "vhost": "/",
      "durable": true,
      "auto_delete": false,
      "arguments": {}
    }
  ],
 "bindings": [
    {
      "source": "default",
      "vhost": "/",
      "destination": "default",
      "destination_type": "queue",
      "routing_key": "*",
      "arguments": {}
    }
 ],
 "parameters": [],
 "policies": []
}
